'ID;'2^ID;'decimal;'2^(ID+1)-1;'Total de Bits;'A = decimal * bits;'B = bits / decimal;'A / B;'Potência de 2?;'Bit mais significativo (MSB);'Bit menos significativo (LSB);'n % 2^ID (mod rápido);'Binário com padding;'Distância do início;'Distância do fim;'% entre início e fim;'Paridade de bits;'É primo?;'Meio aritmético;'Meio inferior;'Meio superior;'Média de bits no intervalo;'n & ex (AND);'n | ex (OR);'n ^ ex (XOR);'~n (NOT);'n << 1 (shift left);'n >> 1 (shift right);'Menor com mesmo total de bits;'Maior com mesmo total de bits
'0;'1;'1;'1;'1;'1;'1,000000000;'1;'1;'0;'0;'0;'1;'0;'0;'0,00000;'ímpar;'0;'1,000;'1;'1;'1,000;'1;'1;'0;'-2;'2;'0;'1;'1
'1;'2;'3;'3;'2;'6;'0,666666667;'9;'0;'1;'0;'1;'11;'1;'0;'1,00000;'par;'1;'2,500;'2;'3;'2,000;'2;'3;'1;'-4;'6;'1;'3;'3
'2;'4;'7;'7;'3;'21;'0,428571429;'49;'0;'2;'0;'3;'111;'3;'0;'1,00000;'ímpar;'1;'5,500;'5;'6;'3,000;'5;'7;'2;'-8;'14;'3;'7;'7
'3;'8;'8;'15;'1;'8;'0,125000000;'64;'1;'3;'3;'0;'1000;'0;'7;'0,00000;'ímpar;'0;'11,500;'11;'12;'4,000;'8;'11;'3;'-9;'16;'4;'8;'8
'4;'16;'21;'31;'3;'63;'0,142857143;'441;'0;'4;'0;'5;'10101;'5;'10;'0,33333;'ímpar;'0;'23,500;'23;'24;'5,000;'21;'23;'2;'-22;'42;'10;'19;'28
'5;'32;'49;'63;'3;'147;'0,061224490;'2401;'0;'5;'0;'17;'110001;'17;'14;'0,54839;'ímpar;'0;'47,500;'47;'48;'6,000;'33;'63;'30;'-50;'98;'24;'35;'56
'6;'64;'76;'127;'3;'228;'0,039473684;'5776;'0;'6;'2;'12;'1001100;'12;'51;'0,19048;'ímpar;'0;'95,500;'95;'96;'7,000;'76;'95;'19;'-77;'152;'38;'67;'112
'7;'128;'224;'255;'3;'672;'0,013392857;'50176;'0;'7;'5;'96;'11100000;'96;'31;'0,75591;'ímpar;'0;'191,500;'191;'192;'8,000;'160;'255;'95;'-225;'448;'112;'131;'224
'8;'256;'467;'511;'6;'2802;'0,012847966;'218089;'0;'8;'0;'211;'111010011;'211;'44;'0,82745;'par;'1;'383,500;'383;'384;'9,000;'339;'511;'172;'-468;'934;'233;'287;'504
'9;'512;'514;'1023;'2;'1028;'0,003891051;'264196;'0;'9;'1;'2;'1000000010;'2;'509;'0,00391;'par;'0;'767,500;'767;'768;'10,000;'514;'767;'253;'-515;'1028;'257;'513;'768
'10;'1024;'1155;'2047;'4;'4620;'0,003463203;'1334025;'0;'10;'0;'131;'10010000011;'131;'892;'0,12805;'par;'0;'1535,500;'1535;'1536;'11,000;'1155;'1535;'380;'-1156;'2310;'577;'1031;'1920
'11;'2048;'2683;'4095;'8;'21464;'0,002981737;'7198489;'0;'11;'0;'635;'101001111011;'635;'1412;'0,31021;'par;'1;'3071,500;'3071;'3072;'12,000;'2683;'3071;'388;'-2684;'5366;'1341;'2175;'4080
'12;'4096;'5216;'8191;'4;'20864;'0,000766871;'27206656;'0;'12;'5;'1120;'1010001100000;'1120;'2975;'0,27350;'par;'0;'6143,500;'6143;'6144;'13,000;'5216;'6143;'927;'-5217;'10432;'2608;'4103;'7680
'13;'8192;'10544;'16383;'5;'52720;'0,000474203;'111175936;'0;'13;'4;'2352;'10100100110000;'2352;'5839;'0,28714;'ímpar;'0;'12287,500;'12287;'12288;'14,000;'10544;'12287;'1743;'-10545;'21088;'5272;'8207;'15872
'14;'16384;'26867;'32767;'9;'241803;'0,000334983;'721835689;'0;'14;'0;'10483;'110100011110011;'10483;'5900;'0,63987;'ímpar;'0;'24575,500;'24575;'24576;'15,000;'18675;'32767;'14092;'-26868;'53734;'13433;'16639;'32704
'15;'32768;'51510;'65535;'8;'412080;'0,000155310;'2653280100;'0;'15;'1;'18742;'1100100100110110;'18742;'14025;'0,57198;'par;'0;'49151,500;'49151;'49152;'16,000;'35126;'65535;'30409;'-51511;'103020;'25755;'32895;'65280
'16;'65536;'95823;'131071;'11;'1054053;'0,000114795;'9182047329;'0;'16;'0;'30287;'10111011001001111;'30287;'35248;'0,46215;'ímpar;'0;'98303,500;'98303;'98304;'17,000;'95823;'98303;'2480;'-95824;'191646;'47911;'66559;'131008
'17;'131072;'198669;'262143;'6;'1192014;'0,000030201;'39469371561;'0;'17;'0;'67597;'110000100000001101;'67597;'63474;'0,51573;'par;'0;'196607,500;'196607;'196608;'18,000;'133133;'262143;'129010;'-198670;'397338;'99334;'131103;'258048
'18;'262144;'357535;'524287;'12;'4290420;'0,000033563;'127831276225;'0;'18;'0;'95391;'1010111010010011111;'95391;'166752;'0,36389;'par;'0;'393215,500;'393215;'393216;'19,000;'357535;'393215;'35680;'-357536;'715070;'178767;'264191;'524160
'19;'524288;'863317;'1048575;'10;'8633170;'0,000011583;'745316242489;'0;'19;'0;'339029;'11010010110001010101;'339029;'185258;'0,64665;'par;'0;'786431,500;'786431;'786432;'20,000;'601173;'1048575;'447402;'-863318;'1726634;'431658;'524799;'1047552
'20;'1048576;'1811764;'2097151;'11;'19929404;'0,000006071;'3282488791696;'0;'20;'2;'763188;'110111010010100110100;'763188;'285387;'0,72783;'ímpar;'0;'1572863,500;'1572863;'1572864;'21,000;'1287476;'2097151;'809675;'-1811765;'3623528;'905882;'1049599;'2096128
'21;'2097152;'3007503;'4194303;'12;'36090036;'0,000003990;'9045074295009;'0;'21;'0;'910351;'1011011110010000001111;'910351;'1186800;'0,43409;'par;'0;'3145727,500;'3145727;'3145728;'22,000;'3007503;'3145727;'138224;'-3007504;'6015006;'1503751;'2099199;'4193280
'22;'4194304;'5598802;'8388607;'12;'67185624;'0,000002143;'31346583835204;'0;'22;'1;'1404498;'10101010110111001010010;'1404498;'2789805;'0,33486;'par;'0;'6291455,500;'6291455;'6291456;'23,000;'5598802;'6291455;'692653;'-5598803;'11197604;'2799401;'4196351;'8386560
'23;'8388608;'14428676;'16777215;'9;'129858084;'0,000000624;'208186691112976;'0;'23;'2;'6040068;'110111000010101000000100;'6040068;'2348539;'0,72003;'ímpar;'0;'12582911,500;'12582911;'12582912;'24,000;'10234372;'16777215;'6542843;'-14428677;'28857352;'7214338;'8388863;'16744448
'24;'16777216;'33185509;'33554431;'17;'564153653;'0,000000512;'1101278007589081;'0;'24;'0;'16408293;'1111110100101111011100101;'16408293;'368922;'0,97801;'ímpar;'0;'25165823,500;'25165823;'25165824;'25,000;'24796901;'33554431;'8757530;'-33185510;'66371018;'16592754;'16842751;'33554176
'25;'33554432;'54538862;'67108863;'11;'599927482;'0,000000202;'2974487468255044;'0;'25;'1;'20984430;'11010000000011001001101110;'20984430;'12570001;'0,62538;'ímpar;'0;'50331647,500;'50331647;'50331648;'26,000;'37761646;'67108863;'29347217;'-54538863;'109077724;'27269431;'33555455;'67076096
'26;'67108864;'111949941;'134217727;'14;'1567299174;'0,000000125;'12532789289903482;'0;'26;'0;'44841077;'110101011000011100001110101;'44841077;'22267786;'0,66818;'par;'0;'100663295,500;'100663295;'100663296;'27,000;'78395509;'134217727;'55822218;'-111949942;'223899882;'55974970;'67117055;'134209536
'27;'134217728;'227634408;'268435455;'14;'3186881712;'0,000000062;'51817423705510464;'0;'27;'3;'93416680;'1101100100010110110011101000;'93416680;'40801047;'0,69601;'par;'0;'201326591,500;'201326591;'201326592;'28,000;'160525544;'268435455;'107909911;'-227634409;'455268816;'113817204;'134225919;'268419072
'28;'268435456;'400708894;'536870911;'16;'6411342304;'0,000000040;'160567617730703232;'0;'28;'1;'132273438;'10111111000100101010100011110;'132273438;'136162017;'0,49276;'par;'0;'402653183,500;'402653183;'402653184;'29,000;'400708894;'402653183;'1944289;'-400708895;'801417788;'200354447;'268468223;'536862720
'29;'536870912;'1033162084;'1073741823;'16;'16530593344;'0,000000015;'1067423891815223168;'0;'29;'2;'496291172;'111101100101001100110101100100;'496291172;'40579739;'0,92441;'par;'0;'805306367,500;'805306367;'805306368;'30,000;'764726628;'1073741823;'309015195;'-1033162085;'2066324168;'516581042;'536903679;'1073725440
'30;'1073741824;'2102388551;'2147483647;'21;'44150159571;'0,000000010;'4420037619375879168;'0;'30;'0;'1028646727;'1111101010011111110011101000111;'1028646727;'45095096;'0,95800;'ímpar;'0;'1610612735,500;'1610612735;'1610612736;'31,000;'1565517639;'2147483647;'581966008;'-2102388552;'4204777102;'1051194275;'1074790399;'2147482624
'31;'2147483648;'3093472814;'4294967295;'15;'46402092210;'0,000000005;'9569574050957078528;'0;'31;'1;'945989166;'10111000011000101010011000101110;'945989166;'1201494481;'0,44051;'ímpar;'0;'3221225471,500;'3221225471;'3221225472;'32,000;'3093472814;'3221225471;'127752657;'-3093472815;'6186945628;'1546736407;'2147500031;'4294836224
'32;'4294967296;'7137437912;'8589934591;'16;'114199006592;'0,000000002;'50943019947654922240;'0;'32;'3;'2842470616;'110101001011011001010100011011000;'2842470616;'1452496679;'0,66181;'par;'0;'6442450943,500;'6442450943;'6442450944;'33,000;'4989954264;'8589934591;'3599980327;'-7137437913;'14274875824;'3568718956;'4295000063;'8589803520
'33;'8589934592;'14133072157;'17179869183;'16;'226129154512;'0,000000001;'199743728594968641536;'0;'33;'0;'5543137565;'1101001010011001011001000100011101;'5543137565;'3046797026;'0,64531;'par;'0;'12884901887,500;'12884901887;'12884901888;'34,000;'9838104861;'17179869183;'7341764322;'-14133072158;'28266144314;'7066536078;'8589967359;'17179607040
'34;'17179869184;'20112871792;'34359738367;'15;'301693076880;'0,000000001;'404527611721429286912;'0;'34;'4;'2933002608;'10010101110110100100001000101110000;'2933002608;'14246866575;'0,17072;'ímpar;'0;'25769803775,500;'25769803775;'25769803776;'35,000;'20112871792;'25769803775;'5656931983;'-20112871793;'40225743584;'10056435896;'17179885567;'34358689792
'35;'34359738368;'42387769980;'68719476735;'17;'720592089660;'0,000000000;'1796723043877389074432;'0;'35;'2;'8028031612;'100111011110100000100000101001111100;'8028031612;'26331706755;'0,23365;'ímpar;'0;'51539607551,500;'51539607551;'51539607552;'36,000;'42387769980;'51539607551;'9151837571;'-42387769981;'84775539960;'21193884990;'34359803903;'68718952448
'36;'68719476736;'100251560595;'137438953471;'22;'2205534333090;'0,000000000;'10050375401732957011968;'0;'36;'0;'31532083859;'1011101010111011101010110101010010011;'31532083859;'37187392876;'0,45885;'par;'0;'103079215103,500;'103079215103;'103079215104;'37,000;'100251560595;'103079215103;'2827654508;'-100251560596;'200503121190;'50125780297;'68721573887;'137438920704
'37;'137438953472;'146971536592;'274877906943;'17;'2498516122064;'0,000000000;'21600632568213594439680;'0;'37;'4;'9532583120;'10001000111000001011111010110011010000;'9532583120;'127906370351;'0,06936;'ímpar;'0;'206158430207,500;'206158430207;'206158430208;'38,000;'146971536592;'206158430207;'59186893615;'-146971536593;'293943073184;'73485768296;'137439019007;'274875809792
'38;'274877906944;'323724968937;'549755813887;'20;'6474499378740;'0,000000000;'104797855513261622951936;'0;'38;'0;'48847061993;'100101101011111100000110000001111101001;'48847061993;'226030844950;'0,17770;'par;'0;'412316860415,500;'412316860415;'412316860416;'39,000;'323724968937;'412316860415;'88591891478;'-323724968938;'647449937874;'161862484468;'274878431231;'549755289600
'39;'549755813888;'1003651412950;'1099511627775;'22;'22080331084900;'0,000000000;'1007316158716531519258624;'0;'39;'1;'453895599062;'1110100110101110010010010011001111010110;'453895599062;'95860214825;'0,82563;'par;'0;'824633720831,500;'824633720831;'824633720832;'40,000;'728773506006;'1099511627775;'370738121769;'-1003651412951;'2007302825900;'501825706475;'549757911039;'1099511365632
'40;'1099511627776;'1458252205147;'2199023255551;'21;'30623296308087;'0,000000000;'2126499493816088364318720;'0;'40;'0;'358740577371;'10101001110000110100110101100110001011011;'358740577371;'740771050404;'0,32627;'ímpar;'0;'1649267441663,500;'1649267441663;'1649267441664;'41,000;'1458252205147;'1649267441663;'191015236516;'-1458252205148;'2916504410294;'729126102573;'1099512676351;'2199022206976
'41;'2199023255552;'2895374552463;'4398046511103;'19;'55012116496797;'0,000000000;'8383193799050317365510144;'0;'41;'0;'696351296911;'101010001000100001110001011000110110001111;'696351296911;'1502671958640;'0,31666;'ímpar;'0;'3298534883327,500;'3298534883327;'3298534883328;'42,000;'2895374552463;'3298534883327;'403160330864;'-2895374552464;'5790749104926;'1447687276231;'2199023517695;'4398038122496
'42;'4398046511104;'7409811047825;'8796093022207;'24;'177835465147800;'0,000000000;'54905299764469421741965312;'0;'42;'0;'3011764536721;'1101011110100111011001001111100010110010001;'3011764536721;'1386281974382;'0,68480;'par;'0;'6597069766655,500;'6597069766655;'6597069766656;'43,000;'5210787792273;'8796093022207;'3585305229934;'-7409811047826;'14819622095650;'3704905523912;'4398054899711;'8796092497920
'43;'8796093022208;'15404761757071;'17592186044415;'22;'338904758655562;'0,000000000;'237306684792117187418521600;'0;'43;'0;'6608668734863;'11100000001010110011010110100011010110001111;'6608668734863;'2187424287344;'0,75132;'par;'0;'13194139533311,500;'13194139533311;'13194139533312;'44,000;'11006715245967;'17592186044415;'6585470798448;'-15404761757072;'30809523514142;'7702380878535;'8796095119359;'17592181850112
'44;'17592186044416;'19996463086597;'35184372088831;'19;'379932798645343;'0,000000000;'399858535973636388866228224;'0;'44;'0;'2404277042181;'100100010111111001010000101000011110000000101;'2404277042181;'15187909002234;'0,13667;'ímpar;'0;'26388279066623,500;'26388279066623;'26388279066624;'45,000;'19996463086597;'26388279066623;'6391815980026;'-19996463086598;'39992926173194;'9998231543298;'17592186306559;'35184304979968
'45;'35184372088832;'51408670348612;'70368744177663;'19;'976764736623628;'0,000000000;'2642851387012258727129513984;'0;'45;'2;'16224298259780;'1011101100000110000011100010001101010101000100;'16224298259780;'18960073829051;'0,46112;'ímpar;'0;'52776558133247,500;'52776558133247;'52776558133248;'46,000;'51408670348612;'52776558133247;'1367887784635;'-51408670348613;'102817340697224;'25704335174306;'35184372350975;'70368609959936
'46;'70368744177664;'119666659114170;'140737488355327;'24;'2871999818740080;'0,000000000;'14320109303546964974850015232;'0;'46;'1;'49297914936506;'11011001101011000010000101101010011110010111010;'49297914936506;'21070829241157;'0,70057;'par;'0;'105553116266495,500;'105553116266495;'105553116266496;'47,000;'84482287025338;'140737488355327;'56255201329989;'-119666659114171;'239333318228340;'59833329557085;'70368752566271;'140737479966720
'47;'140737488355328;'191206974700443;'281474976710655;'31;'5927416215713733;'0,000000000;'36560107174095850816772505600;'0;'47;'0;'50469486345115;'101011011110011011010111110011100011101110011011;'50469486345115;'90268002010212;'0,35861;'ímpar;'0;'211106232532991,500;'211106232532991;'211106232532992;'48,000;'191206974700443;'211106232532991;'19899257832548;'-191206974700444;'382413949400886;'95603487350221;'140738562097151;'281474976579584
'48;'281474976710656;'409118905032525;'562949953421311;'25;'10227972625813125;'0,000000000;'167378278455012194918235897856;'0;'48;'0;'127643928321869;'1011101000001011101101011000000010101111101001101;'127643928321869;'153831048388786;'0,45348;'ímpar;'0;'422212465065983,500;'422212465065983;'422212465065984;'49,000;'409118905032525;'422212465065983;'13093560033458;'-409118905032526;'818237810065050;'204559452516262;'281474993487871;'562949936644096
'49;'562949953421312;'611140496167764;'1125899906842623;'24;'14667371908026336;'0,000000000;'373492706056180737257397813248;'0;'49;'2;'48190542746452;'10001010111101010000111100001011101001001101010100;'48190542746452;'514759410674859;'0,08560;'par;'0;'844424930131967,500;'844424930131967;'844424930131968;'50,000;'611140496167764;'844424930131967;'233284433964203;'-611140496167765;'1222280992335528;'305570248083882;'562949961809919;'1125899839733760
'50;'1125899906842624;'2058769515153876;'2251799813685247;'19;'39116620787923644;'0,000000000;'4238531916526926283226568720384;'0;'50;'2;'932869608311252;'111010100000111000010100001101000000000100111010100;'932869608311252;'193030298531371;'0,82855;'ímpar;'0;'1688849860263935,500;'1688849860263935;'1688849860263936;'51,000;'1495819561732564;'2251799813685247;'755980251952683;'-2058769515153877;'4117539030307752;'1029384757576938;'1125899907104767;'2251795518717952
'51;'2251799813685248;'4216495639600700;'4503599627370495;'30;'126494869188021000;'0,000000000;'17778835478771715888437702688768;'0;'51;'2;'1964695825915452;'1110111110101110000101100100110010111001111000111100;'1964695825915452;'287103987769795;'0,87250;'par;'0;'3377699720527871,500;'3377699720527871;'3377699720527872;'52,000;'3090595732758076;'4503599627370495;'1413003894612419;'-4216495639600701;'8432991279201400;'2108247819800350;'2251800350556159;'4503599623176192
'52;'4503599627370496;'6763683971478124;'9007199254740991;'24;'162328415315474976;'0,000000000;'45747420866030094722741731065856;'0;'52;'2;'2260084344107628;'11000000001111000100011100100011111100011001001101100;'2260084344107628;'2243515283262867;'0,50184;'par;'0;'6755399441055744,000;'6755399441055743;'6755399441055744;'53,000;'4511884157792876;'9007199254740991;'4495315096948115;'-6763683971478125;'13527367942956248;'3381841985739062;'4503599635759103;'9007198717870080
'53;'9007199254740992;'9974455244496707;'18014398509481983;'32;'319182567823894624;'0,000000000;'99489757424467867494822684131328;'0;'53;'0;'967255989755715;'100011011011111011011011010101101011010001111101000011;'967255989755715;'8039943264985276;'0,10739;'par;'0;'13510798882111488,000;'13510798882111487;'13510798882111488;'54,000;'9974455244496707;'13510798882111487;'3536343637614780;'-9974455244496708;'19948910488993414;'4987227622248353;'9007201402224639;'18014398505287680
'54;'18014398509481984;'30045390491869460;'36028797018963967;'31;'931407105247953260;'0,000000000;'902725489808919739930404622172160;'0;'54;'2;'12030991982387476;'1101010101111100001111110011011011001111110000100010100;'12030991982387476;'5983406527094507;'0,66785;'ímpar;'0;'27021597764222976,000;'27021597764222975;'27021597764222976;'55,000;'21038191237128468;'36028797018963967;'14990605781835499;'-30045390491869461;'60090780983738920;'15022695245934730;'18014399583223807;'36028797002186752
'55;'36028797018963968;'44218742292676575;'72057594037927935;'34;'1503437237951003550;'0,000000000;'1955297169946143925165391702130688;'0;'55;'0;'8189945273712607;'10011101000110001011011000111010110001001111111111011111;'8189945273712607;'27838851745251360;'0,22732;'par;'0;'54043195528445952,000;'54043195528445951;'54043195528445952;'56,000;'44218742292676575;'54043195528445951;'9824453235769376;'-44218742292676576;'88437484585353150;'22109371146338287;'36028805608898559;'72057594033733632
'56;'72057594037927936;'138245758910846492;'144115188075855871;'29;'4009127008414548268;'0,000000000;'19111889856835891611038123158405120;'0;'56;'2;'66188164872918556;'111101011001001011100100100000111100101011101011000011100;'66188164872918556;'5869429165009379;'0,91855;'ímpar;'0;'108086391056891904,000;'108086391056891903;'108086391056891904;'57,000;'102216961891882524;'144115188075855871;'41898226183973347;'-138245758910846493;'276491517821692984;'69122879455423246;'72057594306363391;'144115187807420416
'57;'144115188075855872;'199976667976342049;'288230376151711743;'25;'4999416699408551225;'0,000000000;'39990667734920146881773162108813312;'0;'57;'0;'55861479900486177;'1011000110011101011011100001010010000110001001101000100001;'55861479900486177;'88253708175369694;'0,38762;'ímpar;'0;'216172782113783808,000;'216172782113783807;'216172782113783808;'58,000;'199976667976342049;'216172782113783807;'16196114137441758;'-199976667976342050;'399953335952684098;'99988333988171024;'144115188092633087;'288230367561777152
'58;'288230376151711744;'525070384258266191;'576460752303423487;'33;'17327322680522784303;'0,000000000;'275698908425123351909857570905391104;'0;'58;'0;'236840008106554447;'11101001001011011001011101110000111110010101011010001001111;'236840008106554447;'51390368045157296;'0,82170;'ímpar;'0;'432345564227567616,000;'432345564227567615;'432345564227567616;'59,000;'380955196182410319;'576460752303423487;'195505556121013168;'-525070384258266192;'1050140768516532382;'262535192129133095;'288230380446679039;'576460752236314624
'59;'576460752303423488;'1135041350219496382;'1152921504606846975;'32;'36321323207023884224;'0,000000000;'1288318866708097424654266540849364992;'0;'59;'1;'558580597916072894;'111111000000011110100001100000100101001101100111101110111110;'558580597916072894;'17880154387350593;'0,96898;'par;'0;'864691128455135232,000;'864691128455135231;'864691128455135232;'60,000;'846810974067784638;'1152921504606846975;'306110530539062337;'-1135041350219496383;'2270082700438992764;'567520675109748191;'576460754450907135;'1152921504338411520
'60;'1152921504606846976;'1425787542618654982;'2305843009213693951;'29;'41347838735940994478;'0,000000000;'2032870116686542760944990548549173248;'0;'60;'1;'272866038011808006;'1001111001001011010100011011101000010111101100100100100000110;'272866038011808006;'880055466595038969;'0,23667;'ímpar;'0;'1729382256910270464,000;'1729382256910270463;'1729382256910270464;'61,000;'1425787542618654982;'1729382256910270463;'303594714291615481;'-1425787542618654983;'2851575085237309964;'712893771309327491;'1152921504875282431;'2305843004918726656
'61;'2305843009213693952;'3908372542507822062;'4611686018427387903;'34;'132884666445265950108;'0,000000000;'15275375931029056796940884939695456256;'0;'61;'1;'1602529533294128110;'11011000111101010101000001111010110110000100011010101111101110;'1602529533294128110;'703313475919565841;'0,69499;'par;'0;'3458764513820540928,000;'3458764513820540927;'3458764513820540928;'62,000;'2755451037900975086;'4611686018427387903;'1856234980526412817;'-3908372542507822063;'7816745085015644124;'1954186271253911031;'2305843017803628543;'4611686018158952448
'62;'4611686018427387904;'8993229949524469768;'9223372036854775807;'36;'323756278182880911648;'0,000000000;'80878184925023902464960353160323399680;'0;'62;'3;'4381543931097081864;'111110011001110010111101111110110101100110011110110100000001000;'4381543931097081864;'230142087330306039;'0,95010;'par;'0;'6917529027641081856,000;'6917529027641081855;'6917529027641081856;'63,000;'6687386940310775816;'9223372036854775807;'2535985096543999991;'-8993229949524469769;'17986459899048939536;'4496614974762234884;'4611686052787126271;'9223372036720558080
'63;'9223372036854775808;'17799667357578236628;'18446744073709551615;'30;'533990020727347098840;'0,000000000;'316828158040436190947747170560853934080;'0;'63;'2;'8576295320723460820;'1111011100000101000111110010011110110000100100010001001011010100;'8576295320723460820;'647076716131314987;'0,92984;'par;'0;'13835058055282163712,000;'13835058055282163711;'13835058055282163712;'64,000;'13187981339150848724;'18446744073709551615;'5258762734558702891;'-17799667357578236629;'35599334715156473256;'8899833678789118314;'9223372037391646719;'18446744056529682432
'64;'18446744073709551616;'30568377312064202855;'36893488147419103231;'29;'886482942049861882795;'0,000000000;'934425691492721552682707149971221643264;'0;'64;'0;'12121633238354651239;'11010100000111000101100010011010100000101101100100110100001100111;'12121633238354651239;'6325110835354900376;'0,65712;'ímpar;'0;'27670116110564327424,000;'27670116110564327423;'27670116110564327424;'65,000;'21345005275209427047;'36893488147419103231;'15548482872209676184;'-30568377312064202856;'61136754624128405710;'15284188656032101427;'18446744073977987071;'36893488078699626496
'65;'36893488147419103232;'46346217550346335726;'73786976294838206463;'38;'1761156266913160757588;'0,000000000;'2147971881224030496059920676959031394304;'0;'65;'1;'9452729402927232494;'101000001100101110110101110100111100101011010111100011010111101110;'9452729402927232494;'27440758744491870737;'0,25622;'par;'0;'55340232221128654848,000;'55340232221128654847;'55340232221128654848;'66,000;'46346217550346335726;'55340232221128654847;'8994014670782319121;'-46346217550346335727;'92692435100692671452;'23173108775173167863;'36893488284858056703;'73786976294569771008
'66;'73786976294838206464;'132656943602386256302;'147573952589676412927;'31;'4112365251673973945362;'0,000000000;'17597864685926690711701895464641923907584;'0;'66;'1;'58869967307548049838;'1110011000011111100001000110101110000011001010000101100000110101110;'58869967307548049838;'14917008987290156625;'0,79784;'ímpar;'0;'110680464442257309696,000;'110680464442257309695;'110680464442257309696;'67,000;'95763455454967153070;'147573952589676412927;'51810497134709259857;'-132656943602386256303;'265313887204772512604;'66328471801193128151;'73786976295911948287;'147573952520956936192
'67;'147573952589676412928;'219898266213316039825;'295147905179352825855;'33;'7256642785039429314225;'0,000000000;'48355247483622415845864578008361247703040;'0;'67;'0;'72324313623639626897;'10111110101110110011100101000000110011010000111111000001010010010001;'72324313623639626897;'75249638966036786030;'0,49009;'ímpar;'0;'221360928884514619392,000;'221360928884514619391;'221360928884514619392;'68,000;'219898266213316039825;'221360928884514619391;'1462662671198579566;'-219898266213316039826;'439796532426632079650;'109949133106658019912;'147573952593971380223;'295147905144993087488
'68;'295147905179352825856;'297274491920375905804;'590295810358705651711;'35;'10404607217213156703140;'0,000000000;'88372123546517642499605008601632686997504;'0;'68;'2;'2126586741023079948;'100000001110110000011001001110101111110110010101111000111111000001100;'2126586741023079948;'293021318438329745907;'0,00721;'ímpar;'0;'442721857769029238784,000;'442721857769029238783;'442721857769029238784;'69,000;'297274491920375905804;'442721857769029238783;'145447365848653332979;'-297274491920375905805;'594548983840751811608;'148637245960187952902;'295147905196532695039;'590295810341525782528
'69;'590295810358705651712;'970436974005023690481;'1180591620717411303423;'34;'32994857116170805476354;'0,000000000;'941747920516027038121678514038939230142464;'0;'69;'0;'380141163646318038769;'1101001001101110000100101101100100001100011010011011000100111011110001;'380141163646318038769;'210154646712387612942;'0,64398;'par;'0;'885443715538058477568,000;'885443715538058477567;'885443715538058477568;'70,000;'675289068825670864625;'1180591620717411303423;'505302551891740438798;'-970436974005023690482;'1940873948010047380962;'485218487002511845240;'590295810367295586303;'1180591620648691826688
'';'';'';'';'';'';'';'';'';'';'';'';'';'';'';'';'';'';'';'';'';'';'';'';'';'';'';'';'';''
'';'';'';'';'';'';'';'';'';'';'';'';'';'';'';'';'';'';'';'';'';'';'';'';'';'';'';'';'';''
'';'';'';'';'';'';'';'';'';'';'';'';'';'';'';'';'';'';'';'';'';'';'';'';'';'';'';'';'';''
'';'';'';'';'';'';'';'';'';'';'';'';'';'';'';'';'';'';'';'';'';'';'';'';'';'';'';'';'';''
'74;'18889465931478580854784;'22538323240989823823367;'37778931862957161709567;'33;'743764666952664186171111;'0,000000000;'507976014515342050606639984964846973939089408;'0;'74;'0;'3648857309511242968583;'100110001011100111000010001010001101000011010100001001100110110111000000111;'3648857309511242968583;'15240608621967337886200;'0,19317;'ímpar;'0;'28334198897217871282176,000;'28334198897217871282175;'28334198897217871282176;'75,000;'22538323240989823823367;'28334198897217871282175;'5795875656228047458808;'-22538323240989823823368;'45076646481979647646734;'11269161620494911911683;'18889465931482875822079;'37778931858559115198464
'';'';'';'';'';'';'';'';'';'';'';'';'';'';'';'';'';'';'';'';'';'';'';'';'';'';'';'';'';''
'';'';'';'';'';'';'';'';'';'';'';'';'';'';'';'';'';'';'';'';'';'';'';'';'';'';'';'';'';''
'';'';'';'';'';'';'';'';'';'';'';'';'';'';'';'';'';'';'';'';'';'';'';'';'';'';'';'';'';''
'';'';'';'';'';'';'';'';'';'';'';'';'';'';'';'';'';'';'';'';'';'';'';'';'';'';'';'';'';''
'79;'604462909807314587353088;'1105520030589234487939456;'1208925819614629174706175;'37;'40904241131801676053759872;'0,000000000;'1222174538034022014084796703402970290272000278528;'0;'79;'7;'501057120781919900586368;'11101010000110100101110001100110110111001100000100011011010110101101000110000000;'501057120781919900586368;'103405789025394686766719;'0,82893;'ímpar;'0;'906694364710971881029632,000;'906694364710971881029631;'906694364710971881029632;'80,000;'803288575685577194262912;'1208925819614629174706175;'405637243929051980443263;'-1105520030589234487939457;'2211040061178468975878912;'552760015294617243969728;'604462909807383306829823;'1208925819605833081683968
'';'';'';'';'';'';'';'';'';'';'';'';'';'';'';'';'';'';'';'';'';'';'';'';'';'';'';'';'';''
'';'';'';'';'';'';'';'';'';'';'';'';'';'';'';'';'';'';'';'';'';'';'';'';'';'';'';'';'';''
'';'';'';'';'';'';'';'';'';'';'';'';'';'';'';'';'';'';'';'';'';'';'';'';'';'';'';'';'';''
'';'';'';'';'';'';'';'';'';'';'';'';'';'';'';'';'';'';'';'';'';'';'';'';'';'';'';'';'';''
'84;'19342813113834066795298816;'21090315766411506144426920;'38685626227668133590597631;'39;'822522314890048739632649880;'0,000000000;'444801419126945763414470061179898831960116249493504;'0;'84;'3;'1747502652577439349128104;'1000101110010000011000100111100000001100011010101000110111000110011101011101110101000;'1747502652577439349128104;'17595310461256627446170711;'0,09034;'ímpar;'0;'29014219670751100192948224,000;'29014219670751100192948223;'29014219670751100192948224;'85,000;'21090315766411506144426920;'29014219670751100192948223;'7923903904339594048521303;'-21090315766411506144426921;'42180631532823012288853840;'10545157883205753072213460;'19342813113834341673205759;'38685626227597764846419968
'';'';'';'';'';'';'';'';'';'';'';'';'';'';'';'';'';'';'';'';'';'';'';'';'';'';'';'';'';''
'';'';'';'';'';'';'';'';'';'';'';'';'';'';'';'';'';'';'';'';'';'';'';'';'';'';'';'';'';''
'';'';'';'';'';'';'';'';'';'';'';'';'';'';'';'';'';'';'';'';'';'';'';'';'';'';'';'';'';''
'';'';'';'';'';'';'';'';'';'';'';'';'';'';'';'';'';'';'';'';'';'';'';'';'';'';'';'';'';''
'89;'618970019642690137449562112;'868012190417726402719548863;'1237940039285380274899124223;'43;'37324524187962235316940601109;'0,000000000;'753445162713779317408873290310155768436114037304983552;'0;'89;'0;'249042170775036265269986751;'101100111000000000101110110010000100110110101001000100010111000111000111101000010110111111;'249042170775036265269986751;'369927848867653872179575360;'0,40235;'ímpar;'0;'928455029464035206174343168,000;'928455029464035206174343167;'928455029464035206174343168;'90,000;'868012190417726402719548863;'928455029464035206174343167;'60442839046308803454794304;'-868012190417726402719548864;'1736024380835452805439097726;'434006095208863201359774431;'618970019642694535496073215;'1237940039285239537410768896
'';'';'';'';'';'';'';'';'';'';'';'';'';'';'';'';'';'';'';'';'';'';'';'';'';'';'';'';'';''
'';'';'';'';'';'';'';'';'';'';'';'';'';'';'';'';'';'';'';'';'';'';'';'';'';'';'';'';'';''
'';'';'';'';'';'';'';'';'';'';'';'';'';'';'';'';'';'';'';'';'';'';'';'';'';'';'';'';'';''
'';'';'';'';'';'';'';'';'';'';'';'';'';'';'';'';'';'';'';'';'';'';'';'';'';'';'';'';'';''
'94;'19807040628566084398385987584;'25525831956644113617013748212;'39614081257132168796771975167;'48;'1225239933918917453616659914176;'0,000000000;'651568097078833906756858390869505149395026549351154450432;'0;'94;'2;'5718791328078029218627760628;'10100100111101001111001001010110001100000111100011111110110010010100000111010001011000111110100;'5718791328078029218627760628;'14088249300488055179758226955;'0,28873;'par;'0;'29710560942849126597578981376,000;'29710560942849126597578981375;'29710560942849126597578981376;'95,000;'25525831956644113617013748212;'29710560942849126597578981375;'4184728986205012980565233163;'-25525831956644113617013748213;'51051663913288227234027496424;'12762915978322056808506874106;'19807040628566225135874342911;'39614081257132028059283619840
'';'';'';'';'';'';'';'';'';'';'';'';'';'';'';'';'';'';'';'';'';'';'';'';'';'';'';'';'';''
'';'';'';'';'';'';'';'';'';'';'';'';'';'';'';'';'';'';'';'';'';'';'';'';'';'';'';'';'';''
'';'';'';'';'';'';'';'';'';'';'';'';'';'';'';'';'';'';'';'';'';'';'';'';'';'';'';'';'';''
'';'';'';'';'';'';'';'';'';'';'';'';'';'';'';'';'';'';'';'';'';'';'';'';'';'';'';'';'';''
'99;'633825300114114700748351602688;'868221233689326498340379183142;'1267650600228229401496703205375;'53;'46015725385534304412040096706526;'0,000000000;'753808110629016044840917130570611038343926265169705103785984;'0;'99;'1;'234395933575211797592027580454;'1010111101010101111111000101100111000011001101011100100011101100011001111110110100100100100000100110;'234395933575211797592027580454;'399429366538902903156324022233;'0,36981;'ímpar;'0;'950737950171172051122527404032,000;'950737950171172051122527404031;'950737950171172051122527404032;'100,000;'868221233689326498340379183142;'950737950171172051122527404031;'82516716481845552782148220889;'-868221233689326498340379183143;'1736442467378652996680758366284;'434110616844663249170189591571;'633825300114119204347978973183;'1267650600228229260759214850048
'';'';'';'';'';'';'';'';'';'';'';'';'';'';'';'';'';'';'';'';'';'';'';'';'';'';'';'';'';''
'';'';'';'';'';'';'';'';'';'';'';'';'';'';'';'';'';'';'';'';'';'';'';'';'';'';'';'';'';''
'';'';'';'';'';'';'';'';'';'';'';'';'';'';'';'';'';'';'';'';'';'';'';'';'';'';'';'';'';''
'';'';'';'';'';'';'';'';'';'';'';'';'';'';'';'';'';'';'';'';'';'';'';'';'';'';'';'';'';''
'104;'20282409603651670423947251286016;'29083230144918045706788529192435;'40564819207303340847894502572031;'58;'1686827348405246650993734693161230;'0,000000000;'845834275662269781873169224363455482657717616749124725170503680;'0;'104;'0;'8800820541266375282841277906419;'101101111000101001111110000100000010101001100110110000111111011100110001110010110101100110011110111110011;'8800820541266375282841277906419;'11481589062385295141105973379596;'0,43391;'par;'0;'30423614405477505635920876929024,000;'30423614405477505635920876929023;'30423614405477505635920876929024;'105,000;'29083230144918045706788529192435;'30423614405477505635920876929023;'1340384260559459929132347736588;'-29083230144918045706788529192436;'58166460289836091413577058384870;'14541615072459022853394264596217;'20282409603651814539135327141887;'40564819207303340707157014216704
'';'';'';'';'';'';'';'';'';'';'';'';'';'';'';'';'';'';'';'';'';'';'';'';'';'';'';'';'';''
'';'';'';'';'';'';'';'';'';'';'';'';'';'';'';'';'';'';'';'';'';'';'';'';'';'';'';'';'';''
'';'';'';'';'';'';'';'';'';'';'';'';'';'';'';'';'';'';'';'';'';'';'';'';'';'';'';'';'';''
'';'';'';'';'';'';'';'';'';'';'';'';'';'';'';'';'';'';'';'';'';'';'';'';'';'';'';'';'';''
'109;'649037107316853453566312041152512;'1090246098153987172547740458951748;'1298074214633706907132624082305023;'55;'59963535398469294490125725242346140;'0,000000000;'1188636554539993490421356350972116750661889259378560698720433733632;'0;'109;'2;'441208990837133718981428417799236;'11010111000000110101110010001101001101111101111101111010110000111100100000110011110111000001100010010001000100;'441208990837133718981428417799236;'207828116479719734584883623353275;'0,67979;'ímpar;'0;'973555660975280180349468061728768,000;'973555660975280180349468061728767;'973555660975280180349468061728768;'110,000;'765727544495560445764584438375492;'1298074214633706907132624082305023;'532346670138146461368039643929531;'-1090246098153987172547740458951749;'2180492196307974345095480917903496;'545123049076993586273870229475874;'649037107316853471580710550634495;'1298074214633706871103827063341056
'';'';'';'';'';'';'';'';'';'';'';'';'';'';'';'';'';'';'';'';'';'';'';'';'';'';'';'';'';''
'';'';'';'';'';'';'';'';'';'';'';'';'';'';'';'';'';'';'';'';'';'';'';'';'';'';'';'';'';''
'';'';'';'';'';'';'';'';'';'';'';'';'';'';'';'';'';'';'';'';'';'';'';'';'';'';'';'';'';''
'';'';'';'';'';'';'';'';'';'';'';'';'';'';'';'';'';'';'';'';'';'';'';'';'';'';'';'';'';''
'114;'20769187434139310514121985316880384;'31464123230573852164273674364426950;'41538374868278621028243970633760767;'59;'1856383270603857277692146787501190050;'0,000000000;'989991050668737079894416597614539982856933306727569038925390615150592;'0;'114;'1;'10694935796434541650151689047546566;'1100000111101001101000100010101011101001111010111011110111011100100100110010110000111011001011000001001101011000110;'10694935796434541650151689047546566;'10074251637704768863970296269333817;'0,51494;'ímpar;'0;'31153781151208965771182977975320576,000;'31153781151208965771182977975320575;'31153781151208965771182977975320576;'115,000;'21079529513504196907212681705986758;'41538374868278621028243970633760767;'20458845354774424121031288927774009;'-31464123230573852164273674364426951;'62928246461147704328547348728853900;'15732061615286926082136837182213475;'20769187434139310802352361468592127;'41538374868278620956186376595832832
'';'';'';'';'';'';'';'';'';'';'';'';'';'';'';'';'';'';'';'';'';'';'';'';'';'';'';'';'';''
'';'';'';'';'';'';'';'';'';'';'';'';'';'';'';'';'';'';'';'';'';'';'';'';'';'';'';'';'';''
'';'';'';'';'';'';'';'';'';'';'';'';'';'';'';'';'';'';'';'';'';'';'';'';'';'';'';'';'';''
'';'';'';'';'';'';'';'';'';'';'';'';'';'';'';'';'';'';'';'';'';'';'';'';'';'';'';'';'';''
'119;'664613997892457936451903530140172288;'919343500840980333540511050618764323;'1329227995784915872903807060280344575;'59;'54241266549617839678890151986507095057;'0,000000000;'845192472538549669237884688019520153719486884506201323763956738519203840;'0;'119;'0;'254729502948522397088607520478592035;'101100010000111100100010010101110010110001001001011110101000001101101110101000011000011111110010111000011111110000100011;'254729502948522397088607520478592035;'409884494943935539363296009661580252;'0,38327;'ímpar;'0;'996920996838686904677855295210258432,000;'996920996838686904677855295210258431;'996920996838686904677855295210258432;'120,000;'919343500840980333540511050618764323;'996920996838686904677855295210258431;'77577495997706571137344244591494108;'-919343500840980333540511050618764324;'1838687001681960667081022101237528646;'459671750420490166770255525309382161;'664613997892457936740133906291884031;'1329227995784915870597964051066650624
'';'';'';'';'';'';'';'';'';'';'';'';'';'';'';'';'';'';'';'';'';'';'';'';'';'';'';'';'';''
'';'';'';'';'';'';'';'';'';'';'';'';'';'';'';'';'';'';'';'';'';'';'';'';'';'';'';'';'';''
'';'';'';'';'';'';'';'';'';'';'';'';'';'';'';'';'';'';'';'';'';'';'';'';'';'';'';'';'';''
'';'';'';'';'';'';'';'';'';'';'';'';'';'';'';'';'';'';'';'';'';'';'';'';'';'';'';'';'';''
'124;'21267647932558653966460912964485513216;'37650549717742544505774009877315221420;'42535295865117307932921825928971026431;'58;'2183731883629067581334892572884282842360;'0,000000000;'1417563894048202994359054878483823052644121994240997152687194448981791866880;'0;'124;'2;'16382901785183890539313096912829708204;'11100010100110011101101101011101101111111000010000000010011100000100110010110000000100010010111100100010010000111011110101100;'16382901785183890539313096912829708204;'4884746147374763427147816051655805011;'0,77032;'par;'0;'31901471898837980949691369446728269824,000;'31901471898837980949691369446728269823;'31901471898837980949691369446728269824;'125,000;'27016725751463217522543553395072464812;'42535295865117307932921825928971026431;'15518570113654090410378272533898561619;'-37650549717742544505774009877315221421;'75301099435485089011548019754630442840;'18825274858871272252887004938657610710;'21267647932558653966605028152561369087;'42535295865117307785347873339294613504
'';'';'';'';'';'';'';'';'';'';'';'';'';'';'';'';'';'';'';'';'';'';'';'';'';'';'';'';'';''
'';'';'';'';'';'';'';'';'';'';'';'';'';'';'';'';'';'';'';'';'';'';'';'';'';'';'';'';'';''
'';'';'';'';'';'';'';'';'';'';'';'';'';'';'';'';'';'';'';'';'';'';'';'';'';'';'';'';'';''
'';'';'';'';'';'';'';'';'';'';'';'';'';'';'';'';'';'';'';'';'';'';'';'';'';'';'';'';'';''
'129;'680564733841876926926749214863536422912;'1103873984953507439627945351144005829577;'1361129467683753853853498429727072845823;'65;'71751809021977983575816447824360378922505;'0,000000000;'1218537774657136426713648369252847943476548880280921583937319815298627730931712;'0;'129;'0;'423309251111630512701196136280469406665;'1100111110011101100110010101110000010100110101100111110000010011110010100010111000100011001111100010010111110001100000001111001001;'423309251111630512701196136280469406665;'257255482730246414225553078583067016246;'0,62200;'ímpar;'0;'1020847100762815390390123822295304634368,000;'1020847100762815390390123822295304634367;'1020847100762815390390123822295304634368;'130,000;'763591618032568976164570743712237618121;'1361129467683753853853498429727072845823;'597537849651184877688927686014835227702;'-1103873984953507439627945351144005829578;'2207747969907014879255890702288011659154;'551936992476753719813972675572002914788;'680564733841876926945195958937245974527;'1361129467683753853816604941579653742592
